attr1,attr2,attr3,attr4
6.928203230275509,2.0,3.1622776601683795,2.8284271247461903
5.5677643628300215,5.830951894845301,5.385164807134504,1.4142135623730951
2.449489742783178,3.872983346207417,3.4641016151377544,0.0
10.0,9.0,7.0,5.0
