attr1,attr2,attr3,attr4,attr5
1.0,2.0,1.0,1.7320508075688772,1.4142135623730951
1.0,1.4142135623730951,1.0,1.7320508075688772,1.4142135623730951
2.23606797749979,1.4142135623730951,1.0,1.7320508075688772,1.4142135623730951
1.0,1.0,1.0,1.7320508075688772,2.449489742783178
1.0,1.4142135623730951,1.0,1.7320508075688772,1.4142135623730951
3.0,1.4142135623730951,1.0,1.7320508075688772,1.4142135623730951
