attr1,attr2,attr3,attr4,attr5
1.0,1.4142135623730951,1.7320508075688772,2.0,2.23606797749979
1.0,2.0,3.0,4.0,5.0
10.0,3.605551275463989,6.0,7.0,0.0
