attr1,attr2,attr3,attr4,attr5,attr6,attr7
3.1622776601683795,3.0,2.8284271247461903,2.6457513110645907,2.449489742783178,2.23606797749979,1.4142135623730951
